"cost","gamma"
0.0835444217052841,0.00936434519573513
